{"mean":{"confidence_interval":{"confidence_level":0.95,"lower_bound":-0.037325926168568446,"upper_bound":-0.012496652654485515},"point_estimate":-0.025168078111091674,"standard_error":0.006265924826558159},"median":{"confidence_interval":{"confidence_level":0.95,"lower_bound":-0.03515620927818097,"upper_bound":-0.02150717259791168},"point_estimate":-0.027964822330432404,"standard_error":0.0033834574288009803}}