{"mean":{"confidence_interval":{"confidence_level":0.95,"lower_bound":4194507.313124999,"upper_bound":4248755.991145835},"point_estimate":4220846.627500001,"standard_error":13839.337924202013},"median":{"confidence_interval":{"confidence_level":0.95,"lower_bound":4141591.8333333335,"upper_bound":4214631.166666667},"point_estimate":4174379.166666667,"standard_error":21975.38891986651},"median_abs_dev":{"confidence_interval":{"confidence_level":0.95,"lower_bound":53351.9793471879,"upper_bound":121865.72717145126},"point_estimate":81207.12788328552,"standard_error":17924.01933000394},"slope":null,"std_dev":{"confidence_interval":{"confidence_level":0.95,"lower_bound":113725.41757695733,"upper_bound":161485.1429520751},"point_estimate":139414.68241887834,"standard_error":12211.367604299052}}