{"mean":{"confidence_interval":{"confidence_level":0.95,"lower_bound":4075002.161692307,"upper_bound":4109250.6730961544},"point_estimate":4091925.453846153,"standard_error":8702.202979829275},"median":{"confidence_interval":{"confidence_level":0.95,"lower_bound":4029838.3846153845,"upper_bound":4152670.3076923075},"point_estimate":4067354.0,"standard_error":34435.338070194644},"median_abs_dev":{"confidence_interval":{"confidence_level":0.95,"lower_bound":54788.968819608235,"upper_bound":128340.5254215002},"point_estimate":110121.88076033034,"standard_error":24736.880142894264},"slope":null,"std_dev":{"confidence_interval":{"confidence_level":0.95,"lower_bound":79698.32030470218,"upper_bound":95646.01333330505},"point_estimate":87444.73410658819,"standard_error":4106.584518045126}}