{"mean":{"confidence_interval":{"confidence_level":0.95,"lower_bound":-0.03139427174863991,"upper_bound":-0.009235740155919816},"point_estimate":-0.019967588705480543,"standard_error":0.005611527599075774},"median":{"confidence_interval":{"confidence_level":0.95,"lower_bound":-0.017266367698861473,"upper_bound":-0.010852087229646812},"point_estimate":-0.014777451044789447,"standard_error":0.001666620974902989}}