{"mean":{"confidence_interval":{"confidence_level":0.95,"lower_bound":2047843.8902708332,"upper_bound":2080389.0944687496},"point_estimate":2063769.8866666663,"standard_error":8311.243295233087},"median":{"confidence_interval":{"confidence_level":0.95,"lower_bound":2013162.25,"upper_bound":2074988.2083333333},"point_estimate":2020586.2708333335,"standard_error":12571.478933195694},"median_abs_dev":{"confidence_interval":{"confidence_level":0.95,"lower_bound":32899.35672841966,"upper_bound":99923.28462600696},"point_estimate":55092.24129691743,"standard_error":18404.983485165856},"slope":null,"std_dev":{"confidence_interval":{"confidence_level":0.95,"lower_bound":71277.73886419195,"upper_bound":94563.91391872878},"point_estimate":83522.37940241801,"standard_error":5947.186947065069}}