{"mean":{"confidence_interval":{"confidence_level":0.95,"lower_bound":0.0009792547332533122,"upper_bound":0.0309994966378303},"point_estimate":0.016653876856236538,"standard_error":0.007636872353693501},"median":{"confidence_interval":{"confidence_level":0.95,"lower_bound":0.01370646897843053,"upper_bound":0.03914677364400032},"point_estimate":0.02443794465476845,"standard_error":0.006706105114784611}}