{"mean":{"confidence_interval":{"confidence_level":0.95,"lower_bound":4092459.4401153866,"upper_bound":4153322.9513653843},"point_estimate":4119341.847692308,"standard_error":15598.950197216911},"median":{"confidence_interval":{"confidence_level":0.95,"lower_bound":4051458.6153846155,"upper_bound":4089541.653846154},"point_estimate":4068536.0,"standard_error":11683.248355373182},"median_abs_dev":{"confidence_interval":{"confidence_level":0.95,"lower_bound":39909.42441454306,"upper_bound":94793.79284015074},"point_estimate":66930.2651194427,"standard_error":15387.963251050354},"slope":null,"std_dev":{"confidence_interval":{"confidence_level":0.95,"lower_bound":77228.18167711237,"upper_bound":232644.9909237022},"point_estimate":156616.31656604595,"standard_error":42099.11048686131}}