{"mean":{"confidence_interval":{"confidence_level":0.95,"lower_bound":8206521.570874998,"upper_bound":8319624.784583331},"point_estimate":8255512.465000001,"standard_error":29080.09644103301},"median":{"confidence_interval":{"confidence_level":0.95,"lower_bound":8128686.333333334,"upper_bound":8268772.25},"point_estimate":8160921.083333334,"standard_error":35373.94456646477},"median_abs_dev":{"confidence_interval":{"confidence_level":0.95,"lower_bound":69328.84576916741,"upper_bound":195131.16003572918},"point_estimate":119558.83867740723,"standard_error":35865.839926890505},"slope":null,"std_dev":{"confidence_interval":{"confidence_level":0.95,"lower_bound":127734.02341505446,"upper_bound":447953.92187593295},"point_estimate":292356.3523864412,"standard_error":90392.650383716}}