{"mean":{"confidence_interval":{"confidence_level":0.95,"lower_bound":0.005737516822099589,"upper_bound":0.035072560749813554},"point_estimate":0.019148996308148147,"standard_error":0.007335211923002582},"median":{"confidence_interval":{"confidence_level":0.95,"lower_bound":0.011503371835585474,"upper_bound":0.023129231889383872},"point_estimate":0.017594669273600427,"standard_error":0.003130035514223947}}