{"mean":{"confidence_interval":{"confidence_level":0.95,"lower_bound":3253415.622171875,"upper_bound":3277050.3672499997},"point_estimate":3264798.995625,"standard_error":6018.762000997292},"median":{"confidence_interval":{"confidence_level":0.95,"lower_bound":3243098.75,"upper_bound":3248105.25},"point_estimate":3245714.625,"standard_error":1293.6937252925607},"median_abs_dev":{"confidence_interval":{"confidence_level":0.95,"lower_bound":12121.320403553545,"upper_bound":36885.60242858698},"point_estimate":16434.481714479625,"standard_error":6973.193922127409},"slope":null,"std_dev":{"confidence_interval":{"confidence_level":0.95,"lower_bound":48780.15218379165,"upper_bound":70396.32014764646},"point_estimate":60635.60224540577,"standard_error":5510.62007679216}}