{"mean":{"confidence_interval":{"confidence_level":0.95,"lower_bound":0.0077858245986297,"upper_bound":0.018067388412531183},"point_estimate":0.013126844254744308,"standard_error":0.0026036856298250143},"median":{"confidence_interval":{"confidence_level":0.95,"lower_bound":0.0005710221273151905,"upper_bound":0.03091058169719263},"point_estimate":0.010510894540308513,"standard_error":0.008027587994302927}}