{"mean":{"confidence_interval":{"confidence_level":0.95,"lower_bound":713427.1888056655,"upper_bound":719010.3816147996},"point_estimate":715878.5151028591,"standard_error":1436.168637457448},"median":{"confidence_interval":{"confidence_level":0.95,"lower_bound":711292.7692307692,"upper_bound":713547.5471698113},"point_estimate":712360.5970181504,"standard_error":517.3542370908453},"median_abs_dev":{"confidence_interval":{"confidence_level":0.95,"lower_bound":3091.683728111518,"upper_bound":5905.517086970462},"point_estimate":4112.579646096852,"standard_error":720.2958710931647},"slope":{"confidence_interval":{"confidence_level":0.95,"lower_bound":711185.7535123688,"upper_bound":714133.0555324156},"point_estimate":712548.1900398995,"standard_error":753.5888199422801},"std_dev":{"confidence_interval":{"confidence_level":0.95,"lower_bound":6209.098477341668,"upper_bound":21151.798167820067},"point_estimate":14427.614610407358,"standard_error":3877.399447298869}}